account_id,customer_id,account_type,status,open_date
ACC-000001,CUST-00001,Savings,Active,2020-05-02
ACC-000002,CUST-00002,Checking,Active,2022-12-13
ACC-000003,CUST-00002,Savings,Active,2020-05-02
ACC-000004,CUST-00003,Checking,Active,2021-03-05
ACC-000005,CUST-00004,Checking,Active,2020-08-25
ACC-000006,CUST-00005,Checking,Active,2021-02-15
ACC-000007,CUST-00006,Savings,Active,2022-04-14
ACC-000008,CUST-00007,Checking,Active,2020-11-27
ACC-000009,CUST-00008,Savings,Active,2022-02-17
ACC-000010,CUST-00009,Checking,Active,2021-02-07
ACC-000011,CUST-00010,Checking,Closed,2022-06-12
ACC-000012,CUST-00010,Checking,Active,2021-03-30
ACC-000013,CUST-00011,Checking,Active,2021-01-31
ACC-000014,CUST-00012,Checking,Frozen,2020-10-22
ACC-000015,CUST-00013,Checking,Active,2022-10-23
ACC-000016,CUST-00014,Checking,Active,2020-09-11
ACC-000017,CUST-00015,Checking,Active,2020-07-03
ACC-000018,CUST-00016,Savings,Active,2020-12-11
ACC-000019,CUST-00016,Checking,Active,2021-04-11
ACC-000020,CUST-00017,Checking,Active,2021-10-12
ACC-000021,CUST-00017,Savings,Active,2022-02-05
ACC-000022,CUST-00018,Savings,Active,2020-07-13
ACC-000023,CUST-00018,Checking,Active,2021-05-28
ACC-000024,CUST-00019,Checking,Active,2020-08-13
ACC-000025,CUST-00020,Checking,Active,2022-04-12
ACC-000026,CUST-00021,Savings,Active,2022-03-25
ACC-000027,CUST-00022,Checking,Active,2022-04-29
ACC-000028,CUST-00023,Checking,Active,2021-01-24
ACC-000029,CUST-00024,Savings,Active,2022-12-15
ACC-000030,CUST-00025,Checking,Active,2022-02-22
ACC-000031,CUST-00026,Checking,Active,2022-01-14
ACC-000032,CUST-00027,Savings,Active,2021-01-12
ACC-000033,CUST-00028,Checking,Active,2020-12-24
ACC-000034,CUST-00029,Checking,Active,2020-11-12
ACC-000035,CUST-00030,Checking,Active,2022-03-24
ACC-000036,CUST-00031,Savings,Active,2022-03-18
ACC-000037,CUST-00032,Savings,Active,2021-12-28
ACC-000038,CUST-00032,Checking,Active,2021-07-04
ACC-000039,CUST-00033,Checking,Active,2022-03-08
ACC-000040,CUST-00034,Checking,Active,2021-08-17
ACC-000041,CUST-00035,Checking,Active,2021-08-29
ACC-000042,CUST-00036,Checking,Active,2020-05-13
ACC-000043,CUST-00037,Checking,Active,2021-08-16
ACC-000044,CUST-00037,Checking,Active,2022-11-08
ACC-000045,CUST-00038,Savings,Closed,2022-10-06
ACC-000046,CUST-00039,Checking,Active,2021-04-21
ACC-000047,CUST-00039,Checking,Active,2020-10-29
ACC-000048,CUST-00040,Checking,Active,2020-08-04
ACC-000049,CUST-00041,Checking,Active,2022-11-01
ACC-000050,CUST-00042,Savings,Closed,2022-06-03
ACC-000051,CUST-00043,Checking,Active,2022-05-01
ACC-000052,CUST-00044,Checking,Active,2021-09-27
ACC-000053,CUST-00045,Checking,Active,2022-03-12
ACC-000054,CUST-00046,Savings,Active,2021-01-28
ACC-000055,CUST-00047,Checking,Active,2021-05-08
ACC-000056,CUST-00048,Savings,Active,2021-06-23
ACC-000057,CUST-00049,Checking,Active,2022-08-09
ACC-000058,CUST-00050,Checking,Active,2020-11-26
ACC-000059,CUST-00051,Savings,Active,2021-09-09
ACC-000060,CUST-00051,Checking,Active,2020-05-11
ACC-000061,CUST-00052,Checking,Active,2021-04-29
ACC-000062,CUST-00053,Checking,Active,2022-04-20
ACC-000063,CUST-00054,Checking,Active,2020-08-03
ACC-000064,CUST-00055,Savings,Frozen,2021-02-12
ACC-000065,CUST-00056,Checking,Active,2022-07-06
ACC-000066,CUST-00056,Checking,Active,2020-06-07
ACC-000067,CUST-00057,Savings,Active,2020-09-20
ACC-000068,CUST-00058,Checking,Active,2022-01-25
ACC-000069,CUST-00059,Checking,Active,2021-11-06
ACC-000070,CUST-00060,Checking,Closed,2020-09-20
ACC-000071,CUST-00061,Checking,Active,2022-04-18
ACC-000072,CUST-00062,Savings,Active,2021-07-24
ACC-000073,CUST-00063,Checking,Active,2021-09-15
ACC-000074,CUST-00063,Checking,Active,2021-12-27
ACC-000075,CUST-00064,Checking,Active,2022-11-10
ACC-000076,CUST-00065,Checking,Closed,2021-10-10
ACC-000077,CUST-00066,Checking,Active,2021-03-27
ACC-000078,CUST-00066,Checking,Active,2022-07-23
ACC-000079,CUST-00067,Checking,Active,2022-05-16
ACC-000080,CUST-00068,Savings,Active,2022-09-03
ACC-000081,CUST-00068,Checking,Active,2020-05-21
ACC-000082,CUST-00069,Checking,Active,2020-08-30
ACC-000083,CUST-00070,Checking,Active,2022-08-06
ACC-000084,CUST-00071,Savings,Active,2020-07-15
ACC-000085,CUST-00072,Checking,Active,2020-08-10
ACC-000086,CUST-00073,Savings,Active,2020-09-13
ACC-000087,CUST-00074,Savings,Active,2021-05-18
ACC-000088,CUST-00075,Checking,Active,2021-06-29
ACC-000089,CUST-00075,Checking,Active,2020-11-11
ACC-000090,CUST-00076,Checking,Active,2022-06-22
ACC-000091,CUST-00077,Checking,Active,2020-08-08
ACC-000092,CUST-00077,Savings,Active,2020-11-30
ACC-000093,CUST-00078,Savings,Active,2021-02-21
ACC-000094,CUST-00079,Checking,Active,2020-04-19
ACC-000095,CUST-00080,Checking,Active,2020-07-25
ACC-000096,CUST-00081,Savings,Active,2020-06-13
ACC-000097,CUST-00082,Savings,Active,2021-03-02
ACC-000098,CUST-00083,Checking,Active,2022-04-05
ACC-000099,CUST-00083,Checking,Active,2021-03-07
ACC-000100,CUST-00084,Checking,Active,2021-07-04
ACC-000101,CUST-00085,Checking,Active,2020-11-15
ACC-000102,CUST-00086,Checking,Active,2022-05-06
ACC-000103,CUST-00087,Savings,Frozen,2020-11-28
ACC-000104,CUST-00088,Savings,Active,2021-01-11
ACC-000105,CUST-00089,Checking,Active,2020-06-20
ACC-000106,CUST-00089,Checking,Active,2022-11-05
ACC-000107,CUST-00090,Checking,Active,2021-07-07
ACC-000108,CUST-00091,Checking,Active,2022-07-06
ACC-000109,CUST-00092,Savings,Active,2022-04-30
ACC-000110,CUST-00093,Checking,Active,2021-03-19
ACC-000111,CUST-00094,Checking,Active,2020-09-30
ACC-000112,CUST-00095,Checking,Active,2022-10-18
ACC-000113,CUST-00096,Checking,Active,2021-03-18
ACC-000114,CUST-00097,Checking,Active,2022-02-26
ACC-000115,CUST-00097,Checking,Active,2021-08-25
ACC-000116,CUST-00098,Checking,Active,2022-03-05
ACC-000117,CUST-00099,Checking,Closed,2021-02-26
ACC-000118,CUST-00099,Checking,Active,2020-07-30
ACC-000119,CUST-00100,Savings,Active,2021-04-21
ACC-000120,CUST-00101,Savings,Closed,2020-10-29
ACC-000121,CUST-00102,Checking,Active,2021-03-21
ACC-000122,CUST-00103,Checking,Active,2020-11-07
ACC-000123,CUST-00104,Savings,Active,2020-06-20
ACC-000124,CUST-00105,Checking,Active,2022-11-28
ACC-000125,CUST-00106,Savings,Active,2022-03-05
ACC-000126,CUST-00107,Checking,Active,2020-10-18
ACC-000127,CUST-00108,Savings,Active,2020-06-10
ACC-000128,CUST-00109,Checking,Closed,2020-05-10
ACC-000129,CUST-00110,Savings,Active,2022-01-20
ACC-000130,CUST-00111,Checking,Active,2020-11-20
ACC-000131,CUST-00111,Savings,Active,2020-12-21
ACC-000132,CUST-00112,Checking,Active,2021-06-10
ACC-000133,CUST-00113,Savings,Active,2021-07-01
ACC-000134,CUST-00114,Checking,Active,2022-04-08
ACC-000135,CUST-00115,Savings,Closed,2022-09-13
ACC-000136,CUST-00116,Checking,Active,2020-05-11
ACC-000137,CUST-00117,Savings,Active,2022-10-29
ACC-000138,CUST-00118,Checking,Active,2021-03-08
ACC-000139,CUST-00119,Checking,Closed,2022-02-24
ACC-000140,CUST-00120,Checking,Active,2021-06-30
ACC-000141,CUST-00120,Checking,Active,2021-02-14
ACC-000142,CUST-00121,Checking,Active,2021-05-10
ACC-000143,CUST-00121,Savings,Active,2021-11-03
ACC-000144,CUST-00122,Savings,Active,2020-05-15
ACC-000145,CUST-00123,Checking,Active,2021-10-04
ACC-000146,CUST-00123,Checking,Active,2021-12-26
ACC-000147,CUST-00124,Checking,Active,2021-03-12
ACC-000148,CUST-00125,Checking,Active,2022-08-29
ACC-000149,CUST-00126,Savings,Active,2022-05-29
ACC-000150,CUST-00126,Checking,Active,2022-12-11
ACC-000151,CUST-00127,Checking,Frozen,2020-10-18
ACC-000152,CUST-00128,Checking,Active,2022-06-03
ACC-000153,CUST-00129,Savings,Active,2020-10-31
ACC-000154,CUST-00130,Savings,Active,2020-08-05
ACC-000155,CUST-00131,Savings,Active,2020-10-06
ACC-000156,CUST-00131,Checking,Active,2022-12-06
ACC-000157,CUST-00132,Checking,Active,2021-05-09
ACC-000158,CUST-00133,Checking,Active,2020-12-03
ACC-000159,CUST-00134,Checking,Active,2021-09-29
ACC-000160,CUST-00135,Checking,Active,2021-08-04
ACC-000161,CUST-00136,Checking,Active,2020-06-15
ACC-000162,CUST-00137,Checking,Active,2020-04-19
ACC-000163,CUST-00137,Checking,Frozen,2020-08-17
ACC-000164,CUST-00138,Checking,Active,2020-06-14
ACC-000165,CUST-00139,Savings,Active,2022-08-03
ACC-000166,CUST-00140,Checking,Active,2021-06-19
ACC-000167,CUST-00141,Checking,Active,2022-03-06
ACC-000168,CUST-00142,Checking,Active,2021-01-13
ACC-000169,CUST-00143,Checking,Active,2021-06-16
ACC-000170,CUST-00144,Checking,Active,2022-05-13
ACC-000171,CUST-00145,Savings,Active,2020-12-15
ACC-000172,CUST-00146,Checking,Active,2021-12-14
ACC-000173,CUST-00147,Checking,Active,2022-09-30
ACC-000174,CUST-00147,Savings,Active,2022-09-25
ACC-000175,CUST-00148,Checking,Active,2022-11-01
ACC-000176,CUST-00149,Checking,Active,2022-08-29
ACC-000177,CUST-00150,Savings,Closed,2021-10-25
ACC-000178,CUST-00151,Savings,Closed,2021-04-27
ACC-000179,CUST-00151,Checking,Active,2021-07-31
ACC-000180,CUST-00152,Checking,Active,2022-09-13
ACC-000181,CUST-00153,Checking,Active,2022-03-22
ACC-000182,CUST-00154,Savings,Active,2020-04-09
ACC-000183,CUST-00155,Checking,Active,2021-06-10
ACC-000184,CUST-00156,Savings,Active,2022-04-03
ACC-000185,CUST-00157,Checking,Active,2020-06-02
ACC-000186,CUST-00158,Checking,Active,2021-06-01
ACC-000187,CUST-00159,Checking,Active,2020-04-11
ACC-000188,CUST-00160,Savings,Active,2021-10-29
ACC-000189,CUST-00161,Checking,Active,2022-02-03
ACC-000190,CUST-00162,Checking,Active,2022-11-09
ACC-000191,CUST-00163,Savings,Active,2022-10-10
ACC-000192,CUST-00164,Checking,Active,2021-10-06
ACC-000193,CUST-00165,Checking,Active,2022-01-13
ACC-000194,CUST-00166,Checking,Active,2021-08-21
ACC-000195,CUST-00167,Checking,Active,2021-04-28
ACC-000196,CUST-00168,Checking,Closed,2020-11-07
ACC-000197,CUST-00169,Checking,Active,2022-12-25
ACC-000198,CUST-00170,Checking,Active,2021-07-05
ACC-000199,CUST-00171,Checking,Active,2020-09-28
ACC-000200,CUST-00172,Checking,Active,2021-10-12
ACC-000201,CUST-00173,Savings,Active,2021-05-22
ACC-000202,CUST-00174,Checking,Active,2022-03-11
ACC-000203,CUST-00175,Checking,Active,2020-10-03
ACC-000204,CUST-00176,Checking,Active,2021-12-27
ACC-000205,CUST-00176,Checking,Active,2022-04-27
ACC-000206,CUST-00177,Checking,Active,2020-07-24
ACC-000207,CUST-00178,Checking,Active,2022-07-13
ACC-000208,CUST-00179,Checking,Active,2022-06-17
ACC-000209,CUST-00180,Checking,Active,2020-09-15
ACC-000210,CUST-00180,Checking,Active,2022-09-18
ACC-000211,CUST-00181,Checking,Active,2020-11-14
ACC-000212,CUST-00182,Checking,Closed,2021-03-29
ACC-000213,CUST-00183,Savings,Active,2021-09-29
ACC-000214,CUST-00184,Savings,Active,2021-04-02
ACC-000215,CUST-00185,Savings,Active,2021-10-08
ACC-000216,CUST-00186,Checking,Active,2022-03-26
ACC-000217,CUST-00187,Checking,Active,2021-09-16
ACC-000218,CUST-00188,Checking,Active,2022-10-15
ACC-000219,CUST-00189,Savings,Active,2021-05-03
ACC-000220,CUST-00190,Checking,Active,2020-10-13
ACC-000221,CUST-00191,Checking,Closed,2021-05-26
ACC-000222,CUST-00192,Checking,Active,2022-07-31
ACC-000223,CUST-00193,Checking,Active,2020-08-27
ACC-000224,CUST-00193,Checking,Active,2021-08-03
ACC-000225,CUST-00194,Checking,Active,2021-10-09
ACC-000226,CUST-00195,Checking,Active,2020-06-06
ACC-000227,CUST-00196,Checking,Active,2021-04-29
ACC-000228,CUST-00197,Checking,Active,2022-01-29
ACC-000229,CUST-00198,Checking,Active,2020-12-21
ACC-000230,CUST-00199,Savings,Active,2022-08-01
ACC-000231,CUST-00199,Checking,Active,2022-08-10
ACC-000232,CUST-00200,Checking,Active,2021-02-22
ACC-000233,CUST-00200,Checking,Active,2020-05-16
ACC-000234,CUST-00201,Checking,Active,2022-01-30
ACC-000235,CUST-00202,Checking,Active,2020-12-06
ACC-000236,CUST-00202,Savings,Closed,2022-09-28
ACC-000237,CUST-00203,Checking,Active,2021-12-26
ACC-000238,CUST-00204,Savings,Active,2020-11-08
ACC-000239,CUST-00205,Checking,Active,2022-10-14
ACC-000240,CUST-00206,Savings,Active,2021-06-28
ACC-000241,CUST-00207,Savings,Active,2022-01-22
ACC-000242,CUST-00207,Savings,Active,2021-04-30
ACC-000243,CUST-00208,Checking,Active,2020-11-03
ACC-000244,CUST-00209,Savings,Active,2022-11-18
ACC-000245,CUST-00210,Checking,Active,2021-10-04
ACC-000246,CUST-00211,Savings,Active,2022-05-07
ACC-000247,CUST-00212,Checking,Active,2021-09-08
ACC-000248,CUST-00213,Checking,Active,2021-05-27
ACC-000249,CUST-00213,Savings,Active,2022-03-19
ACC-000250,CUST-00214,Checking,Active,2022-07-20
ACC-000251,CUST-00215,Savings,Active,2022-04-20
ACC-000252,CUST-00215,Checking,Active,2021-12-17
ACC-000253,CUST-00216,Checking,Active,2020-08-13
ACC-000254,CUST-00217,Checking,Active,2021-09-28
ACC-000255,CUST-00218,Checking,Active,2020-05-07
ACC-000256,CUST-00218,Savings,Active,2020-07-10
ACC-000257,CUST-00219,Checking,Active,2021-08-05
ACC-000258,CUST-00220,Checking,Active,2022-05-17
ACC-000259,CUST-00221,Savings,Active,2021-03-07
ACC-000260,CUST-00222,Checking,Active,2020-06-06
ACC-000261,CUST-00223,Checking,Active,2021-01-09
ACC-000262,CUST-00223,Checking,Active,2020-06-18
ACC-000263,CUST-00224,Checking,Active,2021-06-19
ACC-000264,CUST-00225,Checking,Active,2020-10-29
ACC-000265,CUST-00225,Checking,Active,2022-11-14
ACC-000266,CUST-00226,Checking,Active,2022-10-29
ACC-000267,CUST-00227,Savings,Active,2022-12-16
ACC-000268,CUST-00228,Checking,Active,2022-03-09
ACC-000269,CUST-00229,Checking,Active,2021-11-01
ACC-000270,CUST-00230,Checking,Active,2021-12-28
ACC-000271,CUST-00231,Checking,Active,2021-07-31
ACC-000272,CUST-00232,Checking,Active,2021-03-22
ACC-000273,CUST-00233,Checking,Active,2022-01-01
ACC-000274,CUST-00234,Checking,Active,2021-03-29
ACC-000275,CUST-00235,Checking,Active,2022-08-18
ACC-000276,CUST-00236,Checking,Active,2022-07-06
ACC-000277,CUST-00237,Checking,Frozen,2021-08-29
ACC-000278,CUST-00237,Checking,Active,2022-10-29
ACC-000279,CUST-00238,Savings,Active,2022-06-09
ACC-000280,CUST-00239,Checking,Active,2020-05-21
ACC-000281,CUST-00240,Checking,Active,2021-09-04
ACC-000282,CUST-00241,Savings,Active,2022-01-01
ACC-000283,CUST-00242,Checking,Active,2022-03-28
ACC-000284,CUST-00242,Checking,Active,2020-07-05
ACC-000285,CUST-00243,Checking,Closed,2022-01-19
ACC-000286,CUST-00244,Checking,Active,2020-05-30
ACC-000287,CUST-00244,Savings,Active,2022-10-09
ACC-000288,CUST-00245,Checking,Active,2020-09-11
ACC-000289,CUST-00246,Checking,Active,2022-01-31
ACC-000290,CUST-00247,Checking,Active,2021-10-22
ACC-000291,CUST-00248,Checking,Active,2020-12-18
ACC-000292,CUST-00249,Checking,Frozen,2022-03-26
ACC-000293,CUST-00249,Checking,Active,2022-11-04
ACC-000294,CUST-00250,Checking,Active,2020-10-03
ACC-000295,CUST-00251,Checking,Active,2020-08-15
ACC-000296,CUST-00252,Savings,Active,2022-10-25
ACC-000297,CUST-00253,Checking,Active,2020-05-04
ACC-000298,CUST-00254,Checking,Active,2020-05-05
ACC-000299,CUST-00255,Checking,Active,2022-08-14
ACC-000300,CUST-00256,Checking,Active,2022-04-21
ACC-000301,CUST-00257,Checking,Active,2021-07-20
ACC-000302,CUST-00257,Checking,Active,2022-04-08
ACC-000303,CUST-00258,Savings,Active,2021-04-15
ACC-000304,CUST-00259,Savings,Active,2022-08-29
ACC-000305,CUST-00260,Checking,Active,2021-01-01
ACC-000306,CUST-00261,Checking,Active,2020-08-19
ACC-000307,CUST-00262,Checking,Active,2021-06-17
ACC-000308,CUST-00262,Checking,Active,2020-08-13
ACC-000309,CUST-00263,Savings,Active,2022-07-07
ACC-000310,CUST-00264,Checking,Active,2022-06-10
ACC-000311,CUST-00265,Checking,Active,2021-12-28
ACC-000312,CUST-00266,Checking,Active,2021-06-16
ACC-000313,CUST-00267,Savings,Active,2021-11-20
ACC-000314,CUST-00268,Savings,Active,2020-11-05
ACC-000315,CUST-00268,Checking,Active,2022-08-26
ACC-000316,CUST-00269,Checking,Active,2021-02-04
ACC-000317,CUST-00269,Checking,Active,2020-09-05
ACC-000318,CUST-00270,Checking,Active,2020-04-17
ACC-000319,CUST-00271,Checking,Active,2020-09-02
ACC-000320,CUST-00272,Checking,Active,2022-02-05
ACC-000321,CUST-00273,Checking,Closed,2021-07-19
ACC-000322,CUST-00273,Savings,Active,2022-04-20
ACC-000323,CUST-00274,Savings,Active,2021-04-01
ACC-000324,CUST-00275,Checking,Active,2022-07-13
ACC-000325,CUST-00276,Checking,Active,2021-04-02
ACC-000326,CUST-00277,Checking,Active,2021-06-03
ACC-000327,CUST-00278,Savings,Active,2020-05-05
ACC-000328,CUST-00279,Checking,Active,2020-11-07
ACC-000329,CUST-00280,Checking,Active,2020-07-05
ACC-000330,CUST-00281,Checking,Closed,2021-08-25
ACC-000331,CUST-00282,Savings,Active,2021-09-24
ACC-000332,CUST-00283,Checking,Active,2021-08-24
ACC-000333,CUST-00284,Checking,Active,2020-08-02
ACC-000334,CUST-00285,Savings,Active,2020-04-08
ACC-000335,CUST-00286,Savings,Active,2022-09-15
ACC-000336,CUST-00287,Checking,Active,2022-04-23
ACC-000337,CUST-00288,Checking,Closed,2020-07-31
ACC-000338,CUST-00289,Checking,Active,2022-07-22
ACC-000339,CUST-00290,Savings,Active,2022-06-21
ACC-000340,CUST-00290,Savings,Active,2021-07-23
ACC-000341,CUST-00291,Savings,Active,2022-10-01
ACC-000342,CUST-00292,Checking,Closed,2022-05-26
ACC-000343,CUST-00292,Checking,Active,2022-03-19
ACC-000344,CUST-00293,Savings,Active,2021-09-07
ACC-000345,CUST-00294,Checking,Active,2022-08-17
ACC-000346,CUST-00295,Savings,Active,2021-12-23
ACC-000347,CUST-00295,Checking,Active,2021-06-05
ACC-000348,CUST-00296,Checking,Active,2021-08-03
ACC-000349,CUST-00297,Checking,Active,2021-04-03
ACC-000350,CUST-00298,Checking,Closed,2021-11-24
ACC-000351,CUST-00299,Savings,Active,2021-12-23
ACC-000352,CUST-00300,Checking,Active,2021-08-07
ACC-000353,CUST-00301,Checking,Active,2020-09-30
ACC-000354,CUST-00302,Checking,Active,2021-07-23
ACC-000355,CUST-00303,Savings,Active,2021-11-25
ACC-000356,CUST-00304,Savings,Active,2022-01-22
ACC-000357,CUST-00304,Checking,Active,2021-08-18
ACC-000358,CUST-00305,Checking,Active,2021-12-20
ACC-000359,CUST-00306,Checking,Active,2022-02-20
ACC-000360,CUST-00307,Savings,Active,2022-12-05
ACC-000361,CUST-00308,Checking,Active,2020-04-11
ACC-000362,CUST-00309,Checking,Active,2021-05-14
ACC-000363,CUST-00310,Checking,Active,2020-10-30
ACC-000364,CUST-00311,Checking,Active,2022-11-30
ACC-000365,CUST-00311,Checking,Active,2022-06-20
ACC-000366,CUST-00312,Checking,Active,2021-01-24
ACC-000367,CUST-00313,Checking,Active,2021-09-06
ACC-000368,CUST-00314,Savings,Active,2022-08-13
ACC-000369,CUST-00314,Checking,Active,2021-02-22
ACC-000370,CUST-00315,Checking,Closed,2021-09-18
ACC-000371,CUST-00316,Checking,Active,2020-11-02
ACC-000372,CUST-00316,Savings,Active,2020-10-01
ACC-000373,CUST-00317,Checking,Active,2022-04-24
ACC-000374,CUST-00318,Checking,Closed,2022-03-03
ACC-000375,CUST-00319,Savings,Active,2021-08-19
ACC-000376,CUST-00320,Checking,Closed,2020-10-09
ACC-000377,CUST-00321,Checking,Active,2021-06-24
ACC-000378,CUST-00322,Savings,Active,2020-04-29
ACC-000379,CUST-00323,Checking,Active,2020-04-28
ACC-000380,CUST-00324,Checking,Active,2022-04-14
ACC-000381,CUST-00325,Checking,Active,2022-03-30
ACC-000382,CUST-00326,Checking,Active,2021-04-11
ACC-000383,CUST-00326,Savings,Active,2022-11-11
ACC-000384,CUST-00327,Checking,Active,2022-11-09
ACC-000385,CUST-00328,Checking,Active,2021-02-03
ACC-000386,CUST-00329,Checking,Active,2020-05-25
ACC-000387,CUST-00330,Checking,Active,2021-09-01
ACC-000388,CUST-00331,Checking,Closed,2022-02-07
ACC-000389,CUST-00332,Checking,Active,2021-03-05
ACC-000390,CUST-00333,Checking,Active,2020-05-17
ACC-000391,CUST-00334,Savings,Active,2020-08-27
ACC-000392,CUST-00335,Savings,Frozen,2021-11-21
ACC-000393,CUST-00336,Checking,Active,2020-07-22
ACC-000394,CUST-00337,Savings,Active,2021-05-30
ACC-000395,CUST-00337,Checking,Closed,2022-01-23
ACC-000396,CUST-00338,Savings,Active,2021-08-14
ACC-000397,CUST-00339,Checking,Active,2022-03-28
ACC-000398,CUST-00339,Checking,Active,2022-07-19
ACC-000399,CUST-00340,Checking,Active,2022-12-18
ACC-000400,CUST-00341,Savings,Active,2020-11-17
ACC-000401,CUST-00342,Checking,Active,2021-11-12
ACC-000402,CUST-00343,Checking,Active,2021-02-15
ACC-000403,CUST-00343,Checking,Frozen,2021-08-31
ACC-000404,CUST-00344,Checking,Active,2022-05-05
ACC-000405,CUST-00345,Checking,Active,2021-05-15
ACC-000406,CUST-00346,Checking,Active,2021-01-22
ACC-000407,CUST-00347,Checking,Active,2022-07-22
ACC-000408,CUST-00348,Checking,Active,2021-01-11
ACC-000409,CUST-00349,Checking,Active,2020-05-13
ACC-000410,CUST-00350,Checking,Active,2022-08-18
ACC-000411,CUST-00351,Checking,Frozen,2021-12-15
ACC-000412,CUST-00352,Checking,Active,2021-06-30
ACC-000413,CUST-00353,Savings,Active,2021-02-04
ACC-000414,CUST-00353,Savings,Active,2022-10-10
ACC-000415,CUST-00354,Checking,Active,2020-06-06
ACC-000416,CUST-00355,Checking,Active,2021-08-02
ACC-000417,CUST-00356,Checking,Active,2020-08-10
ACC-000418,CUST-00357,Checking,Active,2021-05-14
ACC-000419,CUST-00358,Savings,Active,2022-11-06
ACC-000420,CUST-00359,Checking,Active,2022-11-03
ACC-000421,CUST-00360,Checking,Active,2022-12-10
ACC-000422,CUST-00361,Savings,Active,2021-05-19
ACC-000423,CUST-00362,Checking,Active,2021-06-26
ACC-000424,CUST-00363,Savings,Active,2020-05-20
ACC-000425,CUST-00363,Checking,Active,2022-07-01
ACC-000426,CUST-00364,Savings,Closed,2021-03-11
ACC-000427,CUST-00365,Checking,Active,2021-09-29
ACC-000428,CUST-00365,Savings,Closed,2021-12-13
ACC-000429,CUST-00366,Savings,Active,2022-08-18
ACC-000430,CUST-00367,Checking,Active,2021-06-30
ACC-000431,CUST-00368,Checking,Closed,2020-08-30
ACC-000432,CUST-00369,Checking,Active,2021-02-11
ACC-000433,CUST-00370,Checking,Active,2022-05-11
ACC-000434,CUST-00371,Checking,Active,2020-05-17
ACC-000435,CUST-00372,Savings,Active,2021-02-24
ACC-000436,CUST-00372,Checking,Active,2020-07-11
ACC-000437,CUST-00373,Checking,Active,2021-05-03
ACC-000438,CUST-00373,Checking,Active,2021-01-11
ACC-000439,CUST-00374,Checking,Active,2021-10-09
ACC-000440,CUST-00374,Checking,Active,2020-07-31
ACC-000441,CUST-00375,Checking,Frozen,2022-05-07
ACC-000442,CUST-00376,Savings,Active,2021-04-29
ACC-000443,CUST-00376,Savings,Active,2022-05-04
ACC-000444,CUST-00377,Checking,Active,2022-05-20
ACC-000445,CUST-00378,Checking,Active,2021-05-06
ACC-000446,CUST-00379,Savings,Active,2021-10-21
ACC-000447,CUST-00379,Checking,Active,2022-01-14
ACC-000448,CUST-00380,Checking,Active,2022-02-09
ACC-000449,CUST-00380,Checking,Active,2022-02-28
ACC-000450,CUST-00381,Savings,Active,2020-08-15
ACC-000451,CUST-00382,Savings,Active,2021-09-14
ACC-000452,CUST-00383,Checking,Closed,2021-06-10
ACC-000453,CUST-00383,Checking,Active,2022-04-15
ACC-000454,CUST-00384,Checking,Closed,2020-08-17
ACC-000455,CUST-00385,Checking,Active,2022-11-10
ACC-000456,CUST-00386,Checking,Active,2020-07-21
ACC-000457,CUST-00387,Savings,Active,2021-02-13
ACC-000458,CUST-00388,Checking,Active,2022-01-26
ACC-000459,CUST-00389,Savings,Active,2022-06-21
ACC-000460,CUST-00390,Checking,Frozen,2021-08-29
ACC-000461,CUST-00390,Savings,Active,2021-01-11
ACC-000462,CUST-00391,Savings,Active,2020-10-29
ACC-000463,CUST-00392,Checking,Active,2022-02-20
ACC-000464,CUST-00393,Checking,Active,2022-09-23
ACC-000465,CUST-00394,Savings,Active,2022-02-08
ACC-000466,CUST-00394,Savings,Active,2021-11-04
ACC-000467,CUST-00395,Savings,Active,2022-12-16
ACC-000468,CUST-00396,Savings,Active,2021-10-31
ACC-000469,CUST-00397,Checking,Active,2021-05-28
ACC-000470,CUST-00398,Checking,Active,2021-01-30
ACC-000471,CUST-00398,Checking,Active,2021-08-19
ACC-000472,CUST-00399,Checking,Active,2022-07-13
ACC-000473,CUST-00399,Savings,Active,2022-08-11
ACC-000474,CUST-00400,Checking,Closed,2021-06-25
ACC-000475,CUST-00401,Savings,Active,2020-08-25
ACC-000476,CUST-00401,Savings,Closed,2021-02-16
ACC-000477,CUST-00402,Checking,Active,2021-03-27
ACC-000478,CUST-00403,Savings,Active,2021-08-02
ACC-000479,CUST-00404,Checking,Active,2020-05-20
ACC-000480,CUST-00405,Checking,Active,2022-12-26
ACC-000481,CUST-00406,Checking,Active,2020-12-23
ACC-000482,CUST-00407,Savings,Active,2020-09-21
ACC-000483,CUST-00408,Checking,Closed,2022-07-02
ACC-000484,CUST-00409,Checking,Active,2022-06-19
ACC-000485,CUST-00410,Checking,Active,2020-10-09
ACC-000486,CUST-00411,Checking,Active,2021-06-02
ACC-000487,CUST-00412,Checking,Active,2020-09-06
ACC-000488,CUST-00413,Checking,Active,2020-11-15
ACC-000489,CUST-00413,Checking,Active,2021-12-11
ACC-000490,CUST-00414,Checking,Active,2022-07-10
ACC-000491,CUST-00415,Savings,Active,2022-01-27
ACC-000492,CUST-00416,Savings,Active,2021-07-10
ACC-000493,CUST-00417,Checking,Closed,2021-01-23
ACC-000494,CUST-00417,Savings,Active,2022-11-15
ACC-000495,CUST-00418,Checking,Active,2021-06-24
ACC-000496,CUST-00418,Checking,Active,2020-05-25
ACC-000497,CUST-00419,Checking,Active,2022-08-07
ACC-000498,CUST-00419,Savings,Active,2021-11-20
ACC-000499,CUST-00420,Checking,Active,2021-05-31
ACC-000500,CUST-00420,Savings,Active,2020-06-27
ACC-000501,CUST-00421,Checking,Active,2020-10-14
ACC-000502,CUST-00422,Savings,Active,2020-04-09
ACC-000503,CUST-00422,Checking,Active,2022-05-09
ACC-000504,CUST-00423,Checking,Active,2020-04-29
ACC-000505,CUST-00423,Checking,Closed,2022-02-01
ACC-000506,CUST-00424,Checking,Frozen,2021-08-17
ACC-000507,CUST-00425,Checking,Active,2022-06-25
ACC-000508,CUST-00426,Checking,Active,2021-04-08
ACC-000509,CUST-00427,Checking,Active,2022-04-02
ACC-000510,CUST-00428,Savings,Active,2020-12-05
ACC-000511,CUST-00429,Checking,Active,2020-05-11
ACC-000512,CUST-00430,Checking,Active,2022-08-19
ACC-000513,CUST-00431,Checking,Active,2021-07-26
ACC-000514,CUST-00432,Checking,Active,2022-09-28
ACC-000515,CUST-00433,Savings,Active,2022-12-20
ACC-000516,CUST-00434,Checking,Active,2020-06-23
ACC-000517,CUST-00435,Savings,Active,2021-07-17
ACC-000518,CUST-00436,Checking,Active,2022-02-27
ACC-000519,CUST-00437,Checking,Active,2022-03-25
ACC-000520,CUST-00438,Checking,Active,2022-04-19
ACC-000521,CUST-00439,Savings,Active,2021-04-10
ACC-000522,CUST-00439,Checking,Active,2022-02-24
ACC-000523,CUST-00440,Checking,Active,2021-12-08
ACC-000524,CUST-00441,Checking,Active,2020-09-18
ACC-000525,CUST-00441,Savings,Active,2021-05-03
ACC-000526,CUST-00442,Checking,Closed,2022-06-10
ACC-000527,CUST-00443,Checking,Active,2022-02-09
ACC-000528,CUST-00444,Checking,Active,2021-05-22
ACC-000529,CUST-00445,Checking,Active,2020-10-19
ACC-000530,CUST-00446,Checking,Active,2021-05-05
ACC-000531,CUST-00447,Checking,Active,2022-12-05
ACC-000532,CUST-00447,Savings,Active,2021-01-06
ACC-000533,CUST-00448,Savings,Active,2022-10-23
ACC-000534,CUST-00449,Savings,Active,2021-08-08
ACC-000535,CUST-00449,Checking,Active,2022-04-18
ACC-000536,CUST-00450,Savings,Active,2022-10-18
ACC-000537,CUST-00451,Checking,Active,2021-07-03
ACC-000538,CUST-00452,Savings,Active,2021-06-24
ACC-000539,CUST-00453,Savings,Active,2020-09-22
ACC-000540,CUST-00454,Checking,Active,2020-11-05
ACC-000541,CUST-00455,Checking,Active,2021-04-14
ACC-000542,CUST-00456,Savings,Active,2021-11-18
ACC-000543,CUST-00457,Checking,Active,2022-09-15
ACC-000544,CUST-00457,Checking,Active,2021-07-28
ACC-000545,CUST-00458,Checking,Active,2022-05-20
ACC-000546,CUST-00459,Checking,Active,2021-05-09
ACC-000547,CUST-00460,Checking,Frozen,2021-08-25
ACC-000548,CUST-00461,Checking,Closed,2022-09-05
ACC-000549,CUST-00462,Savings,Active,2022-01-15
ACC-000550,CUST-00462,Checking,Active,2021-08-25
ACC-000551,CUST-00463,Checking,Active,2021-09-25
ACC-000552,CUST-00464,Checking,Active,2022-09-06
ACC-000553,CUST-00465,Checking,Active,2020-10-04
ACC-000554,CUST-00466,Savings,Active,2022-07-07
ACC-000555,CUST-00467,Checking,Active,2021-09-15
ACC-000556,CUST-00468,Checking,Active,2021-03-17
ACC-000557,CUST-00469,Checking,Active,2020-07-11
ACC-000558,CUST-00470,Checking,Active,2021-01-10
ACC-000559,CUST-00471,Checking,Active,2020-10-08
ACC-000560,CUST-00472,Checking,Active,2022-06-24
ACC-000561,CUST-00473,Checking,Active,2021-02-14
ACC-000562,CUST-00474,Checking,Active,2021-04-30
ACC-000563,CUST-00474,Checking,Active,2022-09-07
ACC-000564,CUST-00475,Savings,Active,2020-09-20
ACC-000565,CUST-00476,Savings,Closed,2021-05-07
ACC-000566,CUST-00477,Checking,Active,2022-02-23
ACC-000567,CUST-00478,Checking,Active,2021-11-30
ACC-000568,CUST-00479,Checking,Active,2022-06-25
ACC-000569,CUST-00480,Checking,Closed,2020-05-23
ACC-000570,CUST-00481,Checking,Active,2022-08-11
ACC-000571,CUST-00481,Checking,Active,2021-04-07
ACC-000572,CUST-00482,Checking,Active,2022-08-15
ACC-000573,CUST-00483,Checking,Active,2021-03-04
ACC-000574,CUST-00484,Checking,Active,2020-08-24
ACC-000575,CUST-00485,Checking,Active,2020-10-09
ACC-000576,CUST-00486,Checking,Active,2021-06-30
ACC-000577,CUST-00487,Savings,Active,2020-11-01
ACC-000578,CUST-00488,Checking,Active,2022-09-07
ACC-000579,CUST-00489,Checking,Frozen,2021-06-25
ACC-000580,CUST-00490,Checking,Active,2021-06-21
ACC-000581,CUST-00490,Checking,Active,2020-12-09
ACC-000582,CUST-00491,Savings,Active,2022-11-29
ACC-000583,CUST-00491,Checking,Active,2020-09-17
ACC-000584,CUST-00492,Savings,Active,2020-09-22
ACC-000585,CUST-00493,Savings,Active,2022-01-07
ACC-000586,CUST-00494,Checking,Active,2021-04-11
ACC-000587,CUST-00494,Checking,Active,2022-06-04
ACC-000588,CUST-00495,Checking,Active,2021-04-30
ACC-000589,CUST-00495,Checking,Active,2021-01-11
ACC-000590,CUST-00496,Checking,Closed,2021-07-24
ACC-000591,CUST-00497,Checking,Active,2020-04-21
ACC-000592,CUST-00497,Savings,Active,2022-11-02
ACC-000593,CUST-00498,Savings,Active,2020-07-29
ACC-000594,CUST-00498,Checking,Active,2022-02-06
ACC-000595,CUST-00499,Savings,Active,2021-08-18
ACC-000596,CUST-00499,Checking,Active,2021-03-30
ACC-000597,CUST-00500,Checking,Active,2020-07-14
ACC-000598,CUST-00501,Checking,Active,2021-01-20
ACC-000599,CUST-00502,Checking,Closed,2022-01-31
ACC-000600,CUST-00502,Checking,Active,2020-08-17
ACC-000601,CUST-00503,Savings,Active,2021-02-20
ACC-000602,CUST-00504,Savings,Active,2021-11-20
ACC-000603,CUST-00505,Checking,Active,2022-04-02
ACC-000604,CUST-00506,Checking,Active,2022-08-21
ACC-000605,CUST-00507,Checking,Active,2021-02-02
ACC-000606,CUST-00508,Checking,Active,2020-08-28
ACC-000607,CUST-00509,Checking,Active,2021-10-07
ACC-000608,CUST-00510,Savings,Active,2021-01-26
ACC-000609,CUST-00511,Savings,Active,2020-07-20
ACC-000610,CUST-00511,Savings,Active,2021-03-02
ACC-000611,CUST-00512,Checking,Active,2021-03-08
ACC-000612,CUST-00513,Checking,Active,2021-01-15
ACC-000613,CUST-00514,Checking,Active,2022-09-26
ACC-000614,CUST-00515,Checking,Active,2022-05-15
ACC-000615,CUST-00516,Checking,Active,2022-01-15
ACC-000616,CUST-00517,Savings,Active,2022-08-19
ACC-000617,CUST-00517,Checking,Active,2022-10-02
ACC-000618,CUST-00518,Checking,Active,2020-07-13
ACC-000619,CUST-00519,Checking,Active,2020-07-20
ACC-000620,CUST-00520,Savings,Active,2021-07-07
ACC-000621,CUST-00521,Checking,Active,2022-01-07
ACC-000622,CUST-00522,Checking,Active,2021-11-06
ACC-000623,CUST-00523,Checking,Active,2020-06-27
ACC-000624,CUST-00524,Savings,Active,2021-12-04
ACC-000625,CUST-00525,Checking,Active,2022-04-23
ACC-000626,CUST-00526,Checking,Active,2021-04-27
ACC-000627,CUST-00527,Checking,Closed,2022-12-05
ACC-000628,CUST-00528,Checking,Active,2021-07-20
ACC-000629,CUST-00528,Checking,Active,2021-11-26
ACC-000630,CUST-00529,Checking,Active,2020-04-29
ACC-000631,CUST-00530,Checking,Active,2021-03-19
ACC-000632,CUST-00531,Checking,Closed,2021-12-28
ACC-000633,CUST-00532,Checking,Active,2021-05-29
ACC-000634,CUST-00532,Checking,Active,2022-07-09
ACC-000635,CUST-00533,Savings,Active,2022-12-15
ACC-000636,CUST-00534,Checking,Active,2020-06-01
ACC-000637,CUST-00535,Savings,Active,2021-03-29
ACC-000638,CUST-00536,Savings,Active,2021-11-16
ACC-000639,CUST-00537,Checking,Active,2022-03-23
ACC-000640,CUST-00538,Checking,Closed,2020-04-09
ACC-000641,CUST-00539,Checking,Active,2021-03-23
ACC-000642,CUST-00539,Savings,Active,2021-03-14
ACC-000643,CUST-00540,Checking,Active,2020-08-18
ACC-000644,CUST-00541,Checking,Closed,2022-09-05
ACC-000645,CUST-00542,Checking,Active,2020-12-03
ACC-000646,CUST-00543,Checking,Active,2022-08-14
ACC-000647,CUST-00544,Checking,Closed,2021-07-15
ACC-000648,CUST-00545,Savings,Active,2021-12-17
ACC-000649,CUST-00546,Savings,Active,2020-07-08
ACC-000650,CUST-00547,Savings,Active,2021-10-19
ACC-000651,CUST-00548,Checking,Active,2021-05-21
ACC-000652,CUST-00549,Checking,Active,2022-11-06
ACC-000653,CUST-00550,Checking,Active,2022-04-15
ACC-000654,CUST-00551,Savings,Active,2022-09-05
ACC-000655,CUST-00552,Checking,Active,2020-08-01
ACC-000656,CUST-00553,Checking,Active,2020-06-03
ACC-000657,CUST-00554,Savings,Active,2021-06-14
ACC-000658,CUST-00555,Savings,Active,2022-05-17
ACC-000659,CUST-00555,Checking,Active,2020-12-25
ACC-000660,CUST-00556,Savings,Active,2022-09-01
ACC-000661,CUST-00557,Savings,Active,2020-09-30
ACC-000662,CUST-00558,Checking,Active,2020-07-17
ACC-000663,CUST-00559,Checking,Active,2022-01-31
ACC-000664,CUST-00560,Checking,Active,2022-03-09
ACC-000665,CUST-00561,Checking,Active,2021-09-13
ACC-000666,CUST-00562,Savings,Frozen,2020-10-29
ACC-000667,CUST-00563,Savings,Active,2022-04-25
ACC-000668,CUST-00564,Savings,Active,2021-06-26
ACC-000669,CUST-00565,Savings,Active,2020-05-03
ACC-000670,CUST-00566,Savings,Active,2020-12-07
ACC-000671,CUST-00567,Checking,Active,2022-05-03
ACC-000672,CUST-00568,Savings,Closed,2022-08-09
ACC-000673,CUST-00569,Checking,Closed,2020-06-27
ACC-000674,CUST-00570,Checking,Active,2021-09-19
ACC-000675,CUST-00570,Savings,Active,2022-09-26
ACC-000676,CUST-00571,Checking,Active,2021-05-05
ACC-000677,CUST-00572,Checking,Closed,2022-05-04
ACC-000678,CUST-00573,Savings,Closed,2021-11-25
ACC-000679,CUST-00574,Savings,Active,2022-03-29
ACC-000680,CUST-00575,Savings,Active,2020-11-04
ACC-000681,CUST-00576,Checking,Active,2021-09-11
ACC-000682,CUST-00577,Checking,Active,2020-11-04
ACC-000683,CUST-00578,Checking,Active,2022-09-01
ACC-000684,CUST-00579,Savings,Active,2021-01-10
ACC-000685,CUST-00580,Checking,Active,2022-01-31
ACC-000686,CUST-00581,Savings,Closed,2021-11-22
ACC-000687,CUST-00582,Checking,Active,2022-07-07
ACC-000688,CUST-00583,Checking,Active,2020-11-26
ACC-000689,CUST-00584,Checking,Active,2020-10-11
ACC-000690,CUST-00585,Checking,Active,2022-05-19
ACC-000691,CUST-00586,Savings,Active,2021-03-27
ACC-000692,CUST-00587,Checking,Active,2020-06-06
ACC-000693,CUST-00587,Savings,Active,2022-10-27
ACC-000694,CUST-00588,Checking,Active,2022-09-29
ACC-000695,CUST-00589,Savings,Active,2022-11-19
ACC-000696,CUST-00589,Savings,Active,2020-05-30
ACC-000697,CUST-00590,Savings,Active,2022-12-02
ACC-000698,CUST-00591,Checking,Active,2020-06-15
ACC-000699,CUST-00592,Checking,Active,2022-11-27
ACC-000700,CUST-00593,Checking,Active,2021-08-09
ACC-000701,CUST-00594,Checking,Active,2022-03-21
ACC-000702,CUST-00595,Checking,Active,2020-10-07
ACC-000703,CUST-00596,Checking,Active,2020-10-10
ACC-000704,CUST-00597,Checking,Active,2021-08-28
ACC-000705,CUST-00598,Checking,Closed,2021-08-05
ACC-000706,CUST-00599,Checking,Active,2021-04-30
ACC-000707,CUST-00600,Savings,Active,2022-11-03
ACC-000708,CUST-00601,Checking,Active,2021-05-13
ACC-000709,CUST-00601,Savings,Closed,2022-09-21
ACC-000710,CUST-00602,Checking,Active,2020-10-13
ACC-000711,CUST-00603,Checking,Frozen,2022-05-22
ACC-000712,CUST-00603,Checking,Frozen,2021-11-30
ACC-000713,CUST-00604,Savings,Active,2022-07-05
ACC-000714,CUST-00605,Checking,Active,2021-12-30
ACC-000715,CUST-00606,Checking,Active,2020-05-06
ACC-000716,CUST-00606,Checking,Active,2020-05-05
ACC-000717,CUST-00607,Savings,Active,2021-08-15
ACC-000718,CUST-00608,Checking,Active,2022-11-05
ACC-000719,CUST-00609,Checking,Active,2023-01-01
ACC-000720,CUST-00610,Checking,Active,2022-01-18
ACC-000721,CUST-00611,Savings,Active,2022-02-04
ACC-000722,CUST-00612,Checking,Active,2022-08-09
ACC-000723,CUST-00613,Savings,Active,2020-04-23
ACC-000724,CUST-00614,Savings,Active,2021-05-11
ACC-000725,CUST-00615,Checking,Active,2022-07-24
ACC-000726,CUST-00616,Checking,Active,2021-08-21
ACC-000727,CUST-00617,Checking,Closed,2021-01-21
ACC-000728,CUST-00618,Checking,Active,2021-02-19
ACC-000729,CUST-00618,Checking,Active,2022-02-21
ACC-000730,CUST-00619,Checking,Active,2022-12-31
ACC-000731,CUST-00620,Savings,Active,2020-11-03
ACC-000732,CUST-00620,Savings,Active,2021-04-25
ACC-000733,CUST-00621,Savings,Active,2021-03-18
ACC-000734,CUST-00622,Savings,Active,2020-11-29
ACC-000735,CUST-00623,Checking,Active,2021-03-21
ACC-000736,CUST-00624,Checking,Active,2021-03-18
ACC-000737,CUST-00624,Savings,Active,2022-12-21
ACC-000738,CUST-00625,Checking,Active,2022-04-14
ACC-000739,CUST-00626,Savings,Active,2021-10-10
ACC-000740,CUST-00627,Savings,Active,2021-08-15
ACC-000741,CUST-00628,Checking,Active,2020-09-05
ACC-000742,CUST-00628,Checking,Active,2021-03-06
ACC-000743,CUST-00629,Checking,Active,2020-10-05
ACC-000744,CUST-00630,Checking,Active,2020-05-02
ACC-000745,CUST-00630,Checking,Active,2020-07-06
ACC-000746,CUST-00631,Savings,Active,2020-06-26
ACC-000747,CUST-00632,Checking,Frozen,2020-07-01
ACC-000748,CUST-00632,Checking,Active,2020-05-11
ACC-000749,CUST-00633,Checking,Active,2022-11-08
ACC-000750,CUST-00634,Checking,Active,2021-01-18
ACC-000751,CUST-00635,Savings,Active,2021-02-24
ACC-000752,CUST-00636,Checking,Active,2021-05-26
ACC-000753,CUST-00637,Checking,Active,2022-12-29
ACC-000754,CUST-00638,Checking,Active,2021-04-27
ACC-000755,CUST-00639,Checking,Active,2021-03-19
ACC-000756,CUST-00640,Checking,Active,2022-02-20
ACC-000757,CUST-00641,Checking,Active,2022-04-05
ACC-000758,CUST-00642,Checking,Active,2020-07-09
ACC-000759,CUST-00643,Checking,Active,2021-10-08
ACC-000760,CUST-00644,Checking,Active,2022-10-30
ACC-000761,CUST-00645,Checking,Active,2021-02-16
ACC-000762,CUST-00646,Checking,Closed,2021-05-08
ACC-000763,CUST-00647,Checking,Active,2021-07-15
ACC-000764,CUST-00648,Checking,Active,2021-09-02
ACC-000765,CUST-00649,Checking,Active,2021-11-23
ACC-000766,CUST-00650,Savings,Active,2020-06-23
ACC-000767,CUST-00650,Checking,Active,2021-04-06
ACC-000768,CUST-00651,Savings,Active,2020-05-05
ACC-000769,CUST-00652,Savings,Active,2022-08-25
ACC-000770,CUST-00652,Checking,Active,2021-02-01
ACC-000771,CUST-00653,Savings,Active,2020-08-30
ACC-000772,CUST-00654,Checking,Active,2020-09-27
ACC-000773,CUST-00655,Checking,Active,2022-02-02
ACC-000774,CUST-00656,Checking,Closed,2022-12-20
ACC-000775,CUST-00656,Savings,Active,2021-07-15
ACC-000776,CUST-00657,Checking,Active,2021-05-31
ACC-000777,CUST-00658,Savings,Closed,2020-05-29
ACC-000778,CUST-00659,Savings,Active,2020-07-27
ACC-000779,CUST-00660,Checking,Active,2021-12-05
ACC-000780,CUST-00661,Checking,Active,2022-07-09
ACC-000781,CUST-00662,Checking,Active,2021-01-21
ACC-000782,CUST-00663,Checking,Active,2021-01-24
ACC-000783,CUST-00664,Savings,Closed,2020-06-27
ACC-000784,CUST-00665,Checking,Active,2022-02-17
ACC-000785,CUST-00666,Checking,Active,2022-09-23
ACC-000786,CUST-00667,Checking,Active,2020-12-01
ACC-000787,CUST-00667,Checking,Active,2022-04-01
ACC-000788,CUST-00668,Checking,Active,2021-10-06
ACC-000789,CUST-00669,Savings,Active,2020-11-15
ACC-000790,CUST-00670,Checking,Active,2020-10-13
ACC-000791,CUST-00671,Checking,Active,2022-08-16
ACC-000792,CUST-00672,Checking,Active,2022-07-08
ACC-000793,CUST-00673,Savings,Active,2022-04-21
ACC-000794,CUST-00674,Checking,Active,2022-06-12
ACC-000795,CUST-00675,Savings,Active,2021-03-22
ACC-000796,CUST-00676,Checking,Active,2021-08-19
ACC-000797,CUST-00676,Checking,Active,2020-07-24
ACC-000798,CUST-00677,Checking,Active,2020-08-27
ACC-000799,CUST-00678,Savings,Active,2022-03-16
ACC-000800,CUST-00678,Checking,Active,2020-08-10
ACC-000801,CUST-00679,Savings,Active,2021-03-10
ACC-000802,CUST-00680,Checking,Active,2021-07-25
ACC-000803,CUST-00681,Savings,Active,2022-12-23
ACC-000804,CUST-00682,Checking,Active,2020-10-03
ACC-000805,CUST-00683,Checking,Active,2022-02-23
ACC-000806,CUST-00684,Savings,Active,2020-06-29
ACC-000807,CUST-00685,Checking,Active,2021-09-11
ACC-000808,CUST-00686,Checking,Active,2021-05-13
ACC-000809,CUST-00687,Checking,Active,2020-08-21
ACC-000810,CUST-00688,Checking,Active,2022-03-18
ACC-000811,CUST-00688,Checking,Active,2022-10-28
ACC-000812,CUST-00689,Checking,Active,2022-03-24
ACC-000813,CUST-00690,Savings,Active,2022-03-02
ACC-000814,CUST-00691,Checking,Active,2022-11-04
ACC-000815,CUST-00692,Savings,Active,2021-02-24
ACC-000816,CUST-00692,Checking,Active,2022-12-06
ACC-000817,CUST-00693,Savings,Active,2021-10-30
ACC-000818,CUST-00694,Savings,Active,2021-05-26
ACC-000819,CUST-00695,Checking,Active,2021-01-29
ACC-000820,CUST-00695,Checking,Active,2020-06-17
ACC-000821,CUST-00696,Checking,Active,2022-07-11
ACC-000822,CUST-00696,Savings,Active,2022-06-30
ACC-000823,CUST-00697,Checking,Active,2020-12-20
ACC-000824,CUST-00698,Savings,Active,2021-02-04
ACC-000825,CUST-00698,Savings,Active,2022-05-19
ACC-000826,CUST-00699,Savings,Active,2020-10-16
ACC-000827,CUST-00700,Checking,Active,2021-09-14
ACC-000828,CUST-00700,Savings,Active,2020-07-28
ACC-000829,CUST-00701,Checking,Active,2021-09-05
ACC-000830,CUST-00702,Checking,Active,2021-12-07
ACC-000831,CUST-00702,Checking,Active,2020-07-24
ACC-000832,CUST-00703,Checking,Active,2021-11-08
ACC-000833,CUST-00703,Savings,Active,2021-09-20
ACC-000834,CUST-00704,Savings,Active,2022-10-11
ACC-000835,CUST-00705,Checking,Active,2021-03-23
ACC-000836,CUST-00706,Checking,Active,2020-10-31
ACC-000837,CUST-00707,Savings,Active,2020-11-11
ACC-000838,CUST-00708,Checking,Active,2021-10-19
ACC-000839,CUST-00709,Savings,Active,2022-11-24
ACC-000840,CUST-00710,Savings,Closed,2020-07-02
ACC-000841,CUST-00711,Savings,Active,2021-02-08
ACC-000842,CUST-00712,Savings,Active,2020-07-17
ACC-000843,CUST-00713,Checking,Active,2021-05-09
ACC-000844,CUST-00714,Checking,Active,2020-05-05
ACC-000845,CUST-00715,Savings,Active,2022-01-21
ACC-000846,CUST-00716,Checking,Active,2020-06-22
ACC-000847,CUST-00717,Savings,Active,2020-06-17
ACC-000848,CUST-00718,Checking,Active,2020-12-18
ACC-000849,CUST-00718,Savings,Active,2022-12-10
ACC-000850,CUST-00719,Checking,Active,2021-03-06
ACC-000851,CUST-00720,Checking,Active,2020-11-03
ACC-000852,CUST-00721,Checking,Frozen,2021-02-23
ACC-000853,CUST-00722,Savings,Active,2022-09-05
ACC-000854,CUST-00723,Checking,Active,2021-09-03
ACC-000855,CUST-00724,Checking,Active,2022-12-23
ACC-000856,CUST-00725,Checking,Active,2022-03-31
ACC-000857,CUST-00726,Savings,Active,2020-06-25
ACC-000858,CUST-00727,Savings,Active,2022-09-07
ACC-000859,CUST-00728,Checking,Active,2020-10-27
ACC-000860,CUST-00729,Checking,Active,2021-01-11
ACC-000861,CUST-00730,Checking,Active,2020-06-13
ACC-000862,CUST-00731,Savings,Active,2022-12-30
ACC-000863,CUST-00732,Checking,Active,2021-05-24
ACC-000864,CUST-00733,Checking,Active,2021-07-27
ACC-000865,CUST-00734,Savings,Closed,2021-03-13
ACC-000866,CUST-00735,Savings,Active,2021-09-13
ACC-000867,CUST-00736,Savings,Active,2020-08-12
ACC-000868,CUST-00737,Savings,Active,2020-12-06
ACC-000869,CUST-00738,Savings,Active,2022-12-23
ACC-000870,CUST-00739,Checking,Active,2021-12-31
ACC-000871,CUST-00739,Savings,Closed,2022-04-02
ACC-000872,CUST-00740,Checking,Active,2022-06-28
ACC-000873,CUST-00740,Checking,Active,2021-09-21
ACC-000874,CUST-00741,Checking,Active,2020-10-04
ACC-000875,CUST-00742,Savings,Active,2022-08-19
ACC-000876,CUST-00743,Checking,Closed,2022-07-22
ACC-000877,CUST-00744,Savings,Active,2021-05-29
ACC-000878,CUST-00745,Checking,Active,2021-12-30
ACC-000879,CUST-00746,Savings,Active,2020-12-18
ACC-000880,CUST-00747,Checking,Closed,2022-09-08
ACC-000881,CUST-00747,Savings,Active,2022-10-29
ACC-000882,CUST-00748,Checking,Active,2021-02-06
ACC-000883,CUST-00749,Savings,Active,2022-05-17
ACC-000884,CUST-00750,Checking,Active,2021-07-15
ACC-000885,CUST-00750,Checking,Active,2021-10-15
ACC-000886,CUST-00751,Checking,Active,2021-02-08
ACC-000887,CUST-00752,Checking,Active,2020-07-02
ACC-000888,CUST-00753,Checking,Active,2022-07-25
ACC-000889,CUST-00753,Checking,Active,2021-08-12
ACC-000890,CUST-00754,Checking,Active,2022-04-30
ACC-000891,CUST-00754,Checking,Active,2021-07-31
ACC-000892,CUST-00755,Checking,Active,2022-05-06
ACC-000893,CUST-00756,Checking,Active,2022-10-03
ACC-000894,CUST-00757,Checking,Active,2021-08-10
ACC-000895,CUST-00757,Savings,Active,2021-11-14
ACC-000896,CUST-00758,Checking,Active,2022-09-30
ACC-000897,CUST-00759,Savings,Active,2020-07-04
ACC-000898,CUST-00760,Checking,Active,2020-05-03
ACC-000899,CUST-00761,Savings,Active,2020-08-20
ACC-000900,CUST-00762,Checking,Active,2021-09-04
ACC-000901,CUST-00763,Checking,Active,2022-09-24
ACC-000902,CUST-00764,Checking,Active,2020-09-04
ACC-000903,CUST-00765,Savings,Active,2021-12-15
ACC-000904,CUST-00766,Checking,Active,2022-08-11
ACC-000905,CUST-00767,Savings,Active,2022-04-16
ACC-000906,CUST-00767,Checking,Active,2020-05-24
ACC-000907,CUST-00768,Checking,Active,2022-06-20
ACC-000908,CUST-00768,Savings,Active,2021-11-03
ACC-000909,CUST-00769,Checking,Active,2022-08-28
ACC-000910,CUST-00770,Checking,Active,2020-04-27
ACC-000911,CUST-00771,Savings,Active,2020-12-09
ACC-000912,CUST-00772,Savings,Active,2021-08-25
ACC-000913,CUST-00773,Savings,Closed,2021-01-23
ACC-000914,CUST-00773,Checking,Active,2022-08-23
ACC-000915,CUST-00774,Checking,Active,2022-02-06
ACC-000916,CUST-00775,Checking,Closed,2020-06-08
ACC-000917,CUST-00776,Checking,Active,2022-01-15
ACC-000918,CUST-00777,Checking,Active,2021-11-05
ACC-000919,CUST-00777,Checking,Active,2021-07-26
ACC-000920,CUST-00778,Savings,Active,2021-01-03
ACC-000921,CUST-00779,Checking,Active,2022-06-01
ACC-000922,CUST-00780,Checking,Active,2021-02-12
ACC-000923,CUST-00781,Savings,Closed,2022-07-03
ACC-000924,CUST-00782,Checking,Active,2022-09-05
ACC-000925,CUST-00783,Checking,Active,2020-05-11
ACC-000926,CUST-00784,Checking,Active,2020-08-23
ACC-000927,CUST-00785,Savings,Active,2022-12-19
ACC-000928,CUST-00786,Checking,Active,2021-02-14
ACC-000929,CUST-00787,Checking,Active,2022-03-14
ACC-000930,CUST-00788,Checking,Active,2020-10-20
ACC-000931,CUST-00789,Savings,Active,2020-09-20
ACC-000932,CUST-00790,Checking,Active,2021-06-05
ACC-000933,CUST-00791,Savings,Active,2022-05-03
ACC-000934,CUST-00791,Checking,Active,2021-01-19
ACC-000935,CUST-00792,Checking,Closed,2021-12-01
ACC-000936,CUST-00793,Savings,Active,2020-04-17
ACC-000937,CUST-00794,Checking,Active,2021-04-06
ACC-000938,CUST-00795,Savings,Active,2022-05-16
ACC-000939,CUST-00795,Savings,Active,2021-03-09
ACC-000940,CUST-00796,Checking,Active,2022-06-14
ACC-000941,CUST-00797,Savings,Active,2022-07-04
ACC-000942,CUST-00798,Checking,Closed,2020-12-10
ACC-000943,CUST-00798,Checking,Active,2021-10-20
ACC-000944,CUST-00799,Checking,Active,2020-08-18
ACC-000945,CUST-00800,Checking,Active,2022-07-27
ACC-000946,CUST-00801,Savings,Active,2020-10-31
ACC-000947,CUST-00802,Checking,Active,2021-08-17
ACC-000948,CUST-00802,Savings,Active,2022-10-19
ACC-000949,CUST-00803,Checking,Active,2022-06-27
ACC-000950,CUST-00804,Savings,Active,2021-06-24
ACC-000951,CUST-00805,Checking,Active,2022-05-28
ACC-000952,CUST-00806,Checking,Active,2020-05-03
ACC-000953,CUST-00807,Checking,Frozen,2020-09-10
ACC-000954,CUST-00808,Checking,Active,2022-01-12
ACC-000955,CUST-00809,Savings,Active,2021-04-05
ACC-000956,CUST-00810,Checking,Active,2021-12-07
ACC-000957,CUST-00811,Savings,Active,2021-06-27
ACC-000958,CUST-00811,Savings,Active,2021-07-21
ACC-000959,CUST-00812,Checking,Active,2021-10-02
ACC-000960,CUST-00812,Checking,Active,2021-03-05
ACC-000961,CUST-00813,Checking,Closed,2022-07-14
ACC-000962,CUST-00814,Savings,Active,2021-03-31
ACC-000963,CUST-00814,Checking,Active,2020-10-31
ACC-000964,CUST-00815,Checking,Active,2022-06-05
ACC-000965,CUST-00816,Savings,Closed,2020-10-30
ACC-000966,CUST-00817,Savings,Active,2021-01-29
ACC-000967,CUST-00818,Checking,Active,2022-10-04
ACC-000968,CUST-00819,Checking,Active,2022-10-21
ACC-000969,CUST-00820,Checking,Active,2021-11-30
ACC-000970,CUST-00821,Checking,Active,2021-11-29
ACC-000971,CUST-00822,Checking,Active,2021-04-08
ACC-000972,CUST-00823,Savings,Active,2020-08-16
ACC-000973,CUST-00824,Savings,Active,2020-10-18
ACC-000974,CUST-00825,Checking,Active,2020-05-28
ACC-000975,CUST-00826,Checking,Active,2021-09-03
ACC-000976,CUST-00827,Checking,Active,2020-10-08
ACC-000977,CUST-00828,Checking,Closed,2022-08-07
ACC-000978,CUST-00829,Savings,Closed,2020-07-28
ACC-000979,CUST-00830,Checking,Closed,2021-06-14
ACC-000980,CUST-00831,Checking,Active,2021-05-25
ACC-000981,CUST-00831,Checking,Active,2020-05-07
ACC-000982,CUST-00832,Checking,Active,2020-12-19
ACC-000983,CUST-00833,Checking,Active,2021-07-26
ACC-000984,CUST-00834,Checking,Active,2022-04-18
ACC-000985,CUST-00835,Checking,Active,2020-08-12
ACC-000986,CUST-00836,Savings,Frozen,2021-06-18
ACC-000987,CUST-00837,Checking,Active,2022-10-25
ACC-000988,CUST-00838,Checking,Active,2020-05-02
ACC-000989,CUST-00839,Checking,Active,2022-09-21
ACC-000990,CUST-00840,Checking,Active,2021-08-22
ACC-000991,CUST-00841,Checking,Active,2021-05-13
ACC-000992,CUST-00842,Checking,Active,2020-04-25
ACC-000993,CUST-00843,Checking,Active,2022-05-20
ACC-000994,CUST-00844,Checking,Active,2021-12-29
ACC-000995,CUST-00845,Savings,Active,2021-09-15
ACC-000996,CUST-00846,Savings,Active,2022-09-12
ACC-000997,CUST-00847,Checking,Active,2020-08-05
ACC-000998,CUST-00848,Savings,Active,2020-12-11
ACC-000999,CUST-00848,Savings,Active,2022-10-16
ACC-001000,CUST-00849,Savings,Active,2020-09-21
ACC-001001,CUST-00849,Checking,Active,2021-05-07
ACC-001002,CUST-00850,Checking,Active,2020-06-30
ACC-001003,CUST-00851,Checking,Active,2021-12-23
ACC-001004,CUST-00851,Checking,Active,2021-05-08
ACC-001005,CUST-00852,Checking,Active,2021-07-28
ACC-001006,CUST-00853,Checking,Active,2022-05-02
ACC-001007,CUST-00854,Savings,Active,2022-07-16
ACC-001008,CUST-00854,Savings,Active,2022-07-22
ACC-001009,CUST-00855,Savings,Active,2020-04-16
ACC-001010,CUST-00856,Savings,Closed,2022-11-21
ACC-001011,CUST-00857,Checking,Active,2021-12-19
ACC-001012,CUST-00858,Checking,Active,2020-10-13
ACC-001013,CUST-00859,Checking,Active,2022-11-15
ACC-001014,CUST-00860,Checking,Active,2020-04-15
ACC-001015,CUST-00861,Savings,Active,2022-04-07
ACC-001016,CUST-00862,Checking,Active,2021-12-10
ACC-001017,CUST-00863,Checking,Active,2021-07-21
ACC-001018,CUST-00864,Savings,Active,2021-11-12
ACC-001019,CUST-00865,Savings,Active,2021-08-26
ACC-001020,CUST-00866,Checking,Active,2021-10-08
ACC-001021,CUST-00866,Checking,Active,2021-03-14
ACC-001022,CUST-00867,Checking,Active,2021-04-25
ACC-001023,CUST-00868,Checking,Active,2020-09-23
ACC-001024,CUST-00869,Checking,Active,2021-08-29
ACC-001025,CUST-00870,Checking,Active,2022-12-10
ACC-001026,CUST-00871,Checking,Active,2022-08-17
ACC-001027,CUST-00872,Checking,Active,2022-11-05
ACC-001028,CUST-00873,Savings,Active,2021-11-12
ACC-001029,CUST-00874,Checking,Active,2020-12-26
ACC-001030,CUST-00875,Savings,Closed,2022-05-25
ACC-001031,CUST-00876,Savings,Active,2022-07-11
ACC-001032,CUST-00877,Checking,Active,2021-05-15
ACC-001033,CUST-00878,Checking,Active,2022-04-06
ACC-001034,CUST-00878,Checking,Active,2020-06-01
ACC-001035,CUST-00879,Checking,Active,2021-12-03
ACC-001036,CUST-00880,Checking,Active,2020-06-14
ACC-001037,CUST-00881,Checking,Active,2022-09-25
ACC-001038,CUST-00882,Savings,Active,2020-07-17
ACC-001039,CUST-00883,Checking,Active,2021-08-26
ACC-001040,CUST-00884,Savings,Active,2022-12-31
ACC-001041,CUST-00885,Savings,Active,2021-07-16
ACC-001042,CUST-00885,Checking,Active,2021-01-17
ACC-001043,CUST-00886,Checking,Active,2020-10-15
ACC-001044,CUST-00887,Checking,Active,2020-06-16
ACC-001045,CUST-00888,Checking,Active,2022-08-17
ACC-001046,CUST-00889,Savings,Closed,2022-10-08
ACC-001047,CUST-00890,Savings,Active,2022-06-22
ACC-001048,CUST-00891,Savings,Active,2021-07-15
ACC-001049,CUST-00892,Checking,Active,2021-01-27
ACC-001050,CUST-00893,Checking,Active,2021-10-22
ACC-001051,CUST-00893,Checking,Active,2020-08-09
ACC-001052,CUST-00894,Checking,Active,2021-02-04
ACC-001053,CUST-00895,Checking,Active,2021-06-10
ACC-001054,CUST-00896,Checking,Active,2022-04-17
ACC-001055,CUST-00897,Checking,Active,2021-11-20
ACC-001056,CUST-00897,Savings,Active,2021-02-25
ACC-001057,CUST-00898,Checking,Active,2020-05-04
ACC-001058,CUST-00899,Checking,Active,2022-01-20
ACC-001059,CUST-00900,Checking,Active,2022-11-09
ACC-001060,CUST-00900,Checking,Closed,2022-12-27
ACC-001061,CUST-00901,Savings,Active,2021-04-27
ACC-001062,CUST-00901,Checking,Active,2022-05-19
ACC-001063,CUST-00902,Checking,Active,2020-05-23
ACC-001064,CUST-00903,Checking,Active,2021-01-03
ACC-001065,CUST-00903,Savings,Active,2020-10-31
ACC-001066,CUST-00904,Checking,Active,2022-06-09
ACC-001067,CUST-00904,Savings,Closed,2021-07-20
ACC-001068,CUST-00905,Checking,Active,2021-07-22
ACC-001069,CUST-00906,Checking,Active,2021-12-29
ACC-001070,CUST-00907,Checking,Active,2022-03-25
ACC-001071,CUST-00908,Checking,Active,2021-05-11
ACC-001072,CUST-00909,Checking,Active,2020-06-04
ACC-001073,CUST-00910,Checking,Active,2020-06-09
ACC-001074,CUST-00911,Checking,Active,2022-05-15
ACC-001075,CUST-00912,Checking,Closed,2021-05-23
ACC-001076,CUST-00913,Checking,Active,2021-06-08
ACC-001077,CUST-00914,Checking,Closed,2020-10-01
ACC-001078,CUST-00915,Checking,Active,2020-10-11
ACC-001079,CUST-00916,Checking,Closed,2021-06-04
ACC-001080,CUST-00917,Checking,Active,2020-10-29
ACC-001081,CUST-00918,Checking,Active,2022-12-04
ACC-001082,CUST-00919,Checking,Active,2020-10-16
ACC-001083,CUST-00920,Checking,Active,2022-02-12
ACC-001084,CUST-00920,Checking,Active,2021-07-02
ACC-001085,CUST-00921,Savings,Active,2022-09-28
ACC-001086,CUST-00922,Savings,Active,2021-06-13
ACC-001087,CUST-00923,Checking,Active,2020-06-30
ACC-001088,CUST-00923,Checking,Active,2020-11-28
ACC-001089,CUST-00924,Savings,Active,2022-06-11
ACC-001090,CUST-00925,Checking,Active,2022-05-12
ACC-001091,CUST-00926,Checking,Active,2022-07-26
ACC-001092,CUST-00927,Checking,Active,2020-04-28
ACC-001093,CUST-00928,Checking,Active,2021-06-26
ACC-001094,CUST-00929,Savings,Active,2022-02-13
ACC-001095,CUST-00929,Checking,Frozen,2020-06-27
ACC-001096,CUST-00930,Checking,Active,2020-11-10
ACC-001097,CUST-00931,Checking,Active,2021-05-21
ACC-001098,CUST-00931,Checking,Active,2021-10-25
ACC-001099,CUST-00932,Checking,Active,2021-11-24
ACC-001100,CUST-00933,Savings,Active,2022-08-31
ACC-001101,CUST-00933,Checking,Active,2021-01-26
ACC-001102,CUST-00934,Checking,Active,2022-09-20
ACC-001103,CUST-00935,Checking,Active,2021-06-19
ACC-001104,CUST-00936,Checking,Closed,2022-01-15
ACC-001105,CUST-00937,Checking,Active,2021-01-14
ACC-001106,CUST-00938,Checking,Active,2021-09-27
ACC-001107,CUST-00939,Checking,Active,2022-05-12
ACC-001108,CUST-00940,Savings,Active,2021-06-12
ACC-001109,CUST-00940,Checking,Active,2022-08-05
ACC-001110,CUST-00941,Savings,Active,2022-12-23
ACC-001111,CUST-00941,Checking,Active,2020-07-01
ACC-001112,CUST-00942,Checking,Active,2020-10-19
ACC-001113,CUST-00942,Checking,Active,2020-08-05
ACC-001114,CUST-00943,Checking,Active,2022-11-01
ACC-001115,CUST-00944,Checking,Active,2022-09-25
ACC-001116,CUST-00945,Checking,Active,2021-06-07
ACC-001117,CUST-00946,Savings,Active,2021-11-06
ACC-001118,CUST-00947,Savings,Closed,2022-06-12
ACC-001119,CUST-00948,Checking,Active,2020-10-24
ACC-001120,CUST-00949,Checking,Active,2020-10-30
ACC-001121,CUST-00950,Savings,Active,2022-03-14
ACC-001122,CUST-00951,Savings,Active,2021-03-17
ACC-001123,CUST-00952,Checking,Active,2021-05-26
ACC-001124,CUST-00952,Checking,Closed,2022-10-12
ACC-001125,CUST-00953,Checking,Active,2022-03-09
ACC-001126,CUST-00954,Checking,Active,2020-07-07
ACC-001127,CUST-00955,Savings,Active,2021-05-10
ACC-001128,CUST-00956,Checking,Active,2020-08-10
ACC-001129,CUST-00957,Savings,Active,2020-05-13
ACC-001130,CUST-00958,Savings,Active,2021-11-21
ACC-001131,CUST-00959,Checking,Active,2021-06-19
ACC-001132,CUST-00960,Savings,Active,2022-10-08
ACC-001133,CUST-00961,Checking,Active,2020-05-23
ACC-001134,CUST-00962,Checking,Active,2022-03-17
ACC-001135,CUST-00962,Checking,Active,2021-07-11
ACC-001136,CUST-00963,Checking,Active,2020-08-03
ACC-001137,CUST-00963,Savings,Active,2021-09-10
ACC-001138,CUST-00964,Checking,Active,2021-10-03
ACC-001139,CUST-00964,Checking,Closed,2021-06-28
ACC-001140,CUST-00965,Checking,Active,2021-03-21
ACC-001141,CUST-00966,Checking,Active,2021-07-04
ACC-001142,CUST-00966,Checking,Active,2021-06-28
ACC-001143,CUST-00967,Checking,Active,2021-11-05
ACC-001144,CUST-00968,Checking,Active,2020-09-19
ACC-001145,CUST-00969,Checking,Active,2021-07-03
ACC-001146,CUST-00970,Savings,Closed,2021-08-31
ACC-001147,CUST-00971,Savings,Active,2021-04-30
ACC-001148,CUST-00972,Checking,Active,2021-11-06
ACC-001149,CUST-00973,Checking,Active,2020-12-30
ACC-001150,CUST-00973,Savings,Active,2021-12-10
ACC-001151,CUST-00974,Checking,Active,2021-07-21
ACC-001152,CUST-00975,Savings,Active,2021-01-30
ACC-001153,CUST-00976,Checking,Active,2022-04-01
ACC-001154,CUST-00977,Savings,Active,2022-03-11
ACC-001155,CUST-00978,Checking,Active,2021-01-14
ACC-001156,CUST-00979,Checking,Active,2022-11-12
ACC-001157,CUST-00980,Checking,Closed,2022-03-19
ACC-001158,CUST-00980,Checking,Active,2020-12-18
ACC-001159,CUST-00981,Checking,Active,2022-05-24
ACC-001160,CUST-00982,Checking,Active,2021-12-17
ACC-001161,CUST-00983,Savings,Active,2020-08-21
ACC-001162,CUST-00984,Checking,Active,2021-11-26
ACC-001163,CUST-00985,Checking,Active,2020-08-23
ACC-001164,CUST-00986,Checking,Active,2020-04-09
ACC-001165,CUST-00987,Checking,Active,2021-10-05
ACC-001166,CUST-00988,Savings,Active,2020-12-10
ACC-001167,CUST-00989,Checking,Frozen,2021-09-04
ACC-001168,CUST-00990,Savings,Closed,2022-07-23
ACC-001169,CUST-00991,Checking,Closed,2021-07-17
ACC-001170,CUST-00992,Checking,Active,2021-12-28
ACC-001171,CUST-00993,Savings,Active,2022-09-08
ACC-001172,CUST-00993,Checking,Active,2022-12-17
ACC-001173,CUST-00994,Checking,Active,2020-10-15
ACC-001174,CUST-00995,Savings,Active,2021-01-24
ACC-001175,CUST-00996,Checking,Active,2022-10-02
ACC-001176,CUST-00997,Checking,Active,2022-01-20
ACC-001177,CUST-00998,Savings,Active,2022-11-01
ACC-001178,CUST-00998,Checking,Active,2021-07-01
ACC-001179,CUST-00999,Checking,Active,2021-06-09
ACC-001180,CUST-01000,Savings,Active,2021-10-09
